station,depth,model,params
arskeogh,-100,FX,"[{""r"":-0.06888507,""s"":0.45448505,""n"":1.11902306,""m"":0.5658889,""h"":5.57283987}]"
arskeogh,-100,VG,"[{""r"":0.05969448,""s"":0.44869263,""a"":0.10839719,""n"":1.35338281}]"
arskeogh,-200,FX,"[{""r"":-0.86976839,""s"":0.53375634,""n"":1.02789429,""m"":0.17830779,""h"":1.80175613}]"
arskeogh,-200,VG,"[{""r"":0.00295036,""s"":0.52854624,""a"":0.46823352,""n"":1.22454103}]"
arskeogh,-500,FX,"[{""r"":-0.29001296,""s"":0.45987677,""n"":1.53696339,""m"":0.29284391,""h"":6.89683602}]"
arskeogh,-500,VG,"[{""r"":0.05915301,""s"":0.46738091,""a"":0.05564244,""n"":1.4099962}]"
arskeose,-100,FX,"[{""r"":0.04238483,""s"":0.58839086,""n"":0.77696744,""m"":467.70650852,""h"":107645.66632298}]"
arskeose,-100,VG,"[{""r"":0.00084012,""s"":0.56924168,""a"":0.0126641,""n"":1.39243519}]"
arskeose,-200,FX,"[{""r"":0.0219974,""s"":0.68211635,""n"":0.6598979,""m"":1.97500676,""h"":23.67878424}]"
arskeose,-200,VG,"[{""r"":-0.00385075,""s"":0.62968436,""a"":0.10220497,""n"":1.2925379}]"
arskeose,-500,FX,"[{""r"":-7.50438716,""s"":0.53981214,""n"":0.97218839,""m"":0.03166861,""h"":6.39772468}]"
arskeose,-500,VG,"[{""r"":-0.12865844,""s"":0.53261896,""a"":0.10110972,""n"":1.17924656}]"
arskeosw,-100,FX,"[{""r"":-11.65663337,""s"":0.4866267,""n"":3.20540796,""m"":0.01119493,""h"":7.45536947}]"
arskeosw,-100,VG,"[{""r"":0.0396977,""s"":0.51938255,""a"":0.03480136,""n"":1.50702027}]"
arskeosw,-200,FX,"[{""r"":-0.78770601,""s"":0.48802154,""n"":2.77758778,""m"":0.13504044,""h"":5.57068197}]"
arskeosw,-200,VG,"[{""r"":0.048478,""s"":0.51851769,""a"":0.05286289,""n"":1.54643831}]"
arskeosw,-500,FX,"[{""r"":-12.2378421,""s"":0.53638481,""n"":2.64077211,""m"":0.01294365,""h"":5.92478453}]"
arskeosw,-500,VG,"[{""r"":0.02474409,""s"":0.55638581,""a"":0.03963076,""n"":1.49741064}]"
bentlake,-100,FX,"[{""r"":-0.37713698,""s"":0.7173859,""n"":0.39988149,""m"":0.57354938,""h"":0.87319458}]"
bentlake,-100,VG,"[{""r"":-0.22861123,""s"":0.60417008,""a"":1.23195953,""n"":1.08909786}]"
bentlake,-200,FX,"[{""r"":-6.36956946,""s"":0.5343994,""n"":0.52752322,""m"":0.03960757,""h"":7.16675651}]"
bentlake,-200,VG,"[{""r"":-3.2929216,""s"":0.51305691,""a"":0.30864777,""n"":1.01175301}]"
bentlake,-500,FX,"[{""r"":-3.56523521,""s"":0.60112003,""n"":0.24372745,""m"":0.1161005,""h"":2.22291348}]"
bentlake,-500,VG,"[{""r"":-3.48240578,""s"":0.48508617,""a"":0.23363822,""n"":1.00991085}]"
blmbattl,-100,FX,"[{""r"":-6.21865419,""s"":0.54841132,""n"":0.83014844,""m"":0.03206353,""h"":4.07382109}]"
blmbattl,-100,VG,"[{""r"":-0.03788688,""s"":0.53728478,""a"":0.20159068,""n"":1.14052036}]"
blmbattl,-200,FX,"[{""r"":-5.0770754,""s"":0.57273886,""n"":0.67568688,""m"":0.04369831,""h"":1.23749037}]"
blmbattl,-200,VG,"[{""r"":-0.08189487,""s"":0.54145096,""a"":0.62189819,""n"":1.11609651}]"
blmbattl,-500,FX,"[{""r"":-12.35137904,""s"":0.51713381,""n"":1.54896946,""m"":0.01051545,""h"":6.21301922}]"
blmbattl,-500,VG,"[{""r"":0.12264248,""s"":0.5318509,""a"":0.10695781,""n"":1.25351893}]"
blmbelfr,-100,FX,"[{""r"":-0.04940249,""s"":0.42286562,""n"":1.76802144,""m"":0.60108133,""h"":4.27684179}]"
blmbelfr,-100,VG,"[{""r"":0.04274329,""s"":0.4349578,""a"":0.10143763,""n"":1.56549604}]"
blmbelfr,-200,FX,"[{""r"":-5.02436167,""s"":0.49214885,""n"":1.74764511,""m"":0.02721694,""h"":1.55312127}]"
blmbelfr,-200,VG,"[{""r"":0.05138355,""s"":0.55396759,""a"":1.05789357,""n"":1.26803257}]"
blmbelfr,-500,FX,"[{""r"":-0.18284148,""s"":0.51905652,""n"":1.01082854,""m"":0.45631628,""h"":2.98254642}]"
blmbelfr,-500,VG,"[{""r"":0.03783455,""s"":0.50835154,""a"":0.26900149,""n"":1.28489276}]"
blmbroad,-100,FX,"[{""r"":-5.90031857,""s"":0.48731188,""n"":2.10126811,""m"":0.02308979,""h"":2.675744}]"
blmbroad,-100,VG,"[{""r"":0.04490701,""s"":0.54085982,""a"":0.39092819,""n"":1.31881065}]"
blmbroad,-200,FX,"[{""r"":-9.97848034,""s"":0.45921862,""n"":1.95423067,""m"":0.01300714,""h"":2.58953383}]"
blmbroad,-200,VG,"[{""r"":0.03977655,""s"":0.48600936,""a"":0.3134541,""n"":1.29418788}]"
blmbroad,-500,FX,"[{""r"":0.00070866,""s"":0.47169852,""n"":1.42661692,""m"":0.65581869,""h"":12.70377255}]"
blmbroad,-500,VG,"[{""r"":0.09411378,""s"":0.47189601,""a"":0.02158986,""n"":1.50667972}]"
blmcapit,-100,FX,"[{""r"":-1.88832767,""s"":0.55263218,""n"":1.1805364,""m"":0.08577379,""h"":8.01030504}]"
blmcapit,-100,VG,"[{""r"":0.0508051,""s"":0.55284618,""a"":0.06370277,""n"":1.24518441}]"
blmcapit,-200,FX,"[{""r"":-11.33381895,""s"":0.53045848,""n"":0.99164974,""m"":0.01568046,""h"":5.27526133}]"
blmcapit,-200,VG,"[{""r"":0.01049907,""s"":0.52826806,""a"":0.14661921,""n"":1.16462738}]"
blmcapit,-500,FX,"[{""r"":-22.96944447,""s"":0.56431677,""n"":1.91729936,""m"":0.00556234,""h"":11.35646326}]"
blmcapit,-500,VG,"[{""r"":0.11269138,""s"":0.57856788,""a"":0.05217412,""n"":1.23233197}]"
blmglend,-100,FX,"[{""r"":-0.03901548,""s"":0.42435092,""n"":5.31374861,""m"":0.43607372,""h"":6.38523153}]"
blmglend,-100,VG,"[{""r"":0.10665949,""s"":0.43646937,""a"":0.00133467,""n"":3.11406585}]"
blmglend,-200,FX,"[{""r"":-0.06734704,""s"":0.42799067,""n"":4.34650905,""m"":0.44425622,""h"":6.36981552}]"
blmglend,-200,VG,"[{""r"":0.05838954,""s"":0.44637512,""a"":0.00950121,""n"":2.23720868}]"
blmglend,-500,FX,"[{""r"":-6.03116805,""s"":0.36950847,""n"":2.10393243,""m"":0.01843392,""h"":3.82076018}]"
blmglend,-500,VG,"[{""r"":0.040127,""s"":0.38682337,""a"":0.12615187,""n"":1.39379629}]"
blmglnor,-100,FX,"[{""r"":-1.19533306,""s"":1.05717906,""n"":1.25487626,""m"":0.16009999,""h"":0.00532886}]"
blmglnor,-100,VG,"[{""r"":0.10398771,""s"":0.71919851,""a"":112.36610504,""n"":1.1247594}]"
blmglnor,-200,FX,"[{""r"":-3.43314942,""s"":0.52321232,""n"":1.46118061,""m"":0.04042931,""h"":13.15934627}]"
blmglnor,-200,VG,"[{""r"":0.13625844,""s"":0.52503116,""a"":0.01845239,""n"":1.35754316}]"
blmglnor,-500,FX,"[{""r"":0.06142384,""s"":0.45697369,""n"":1.72392147,""m"":0.33352214,""h"":6.04834973}]"
blmglnor,-500,VG,"[{""r"":0.24178345,""s"":0.4594489,""a"":0.04193674,""n"":1.56157294}]"
blmhardi,-100,FX,"[{""r"":-22.70059133,""s"":0.5578188,""n"":1.73272775,""m"":0.00618648,""h"":8.61339986}]"
blmhardi,-100,VG,"[{""r"":0.11808226,""s"":0.56929939,""a"":0.05315095,""n"":1.27915435}]"
blmhardi,-200,FX,"[{""r"":-9.62380358,""s"":0.5903613,""n"":0.95876548,""m"":0.02159298,""h"":4.6717863}]"
blmhardi,-200,VG,"[{""r"":-0.01152191,""s"":0.58571145,""a"":0.16390021,""n"":1.16494446}]"
blmhardi,-500,FX,"[{""r"":-1.23494671,""s"":2.10490347,""n"":0.04289631,""m"":1.86241786,""h"":0.00035345}]"
blmhardi,-500,VG,"[{""r"":-2.64376079,""s"":0.5949939,""a"":10.55374972,""n"":1.01102044}]"
blmhavre,-100,FX,"[{""r"":-4.82888061,""s"":0.37626301,""n"":1.5230436,""m"":0.0239558,""h"":2.59435612}]"
blmhavre,-100,VG,"[{""r"":0.05582829,""s"":0.38438617,""a"":0.22162323,""n"":1.32036949}]"
blmhavre,-200,FX,"[{""r"":-13.30819567,""s"":0.51765373,""n"":1.31774825,""m"":0.01322251,""h"":4.79982168}]"
blmhavre,-200,VG,"[{""r"":0.01540554,""s"":0.52350494,""a"":0.11822009,""n"":1.24498035}]"
blmhavre,-500,FX,"[{""r"":-14.46181635,""s"":0.47930043,""n"":1.72676493,""m"":0.00831998,""h"":6.06247516}]"
blmhavre,-500,VG,"[{""r"":0.11372451,""s"":0.49033042,""a"":0.0825429,""n"":1.29467118}]"
blmmatad,-100,FX,"[{""r"":-0.02375107,""s"":0.45932011,""n"":0.32198139,""m"":2.51636567,""h"":50.88588158}]"
blmmatad,-100,VG,"[{""r"":-0.16122366,""s"":0.36824123,""a"":0.39046416,""n"":1.10752148}]"
blmmatad,-200,FX,"[{""r"":-12.38190509,""s"":0.69887943,""n"":0.13700356,""m"":0.08621248,""h"":6.98994246}]"
blmmatad,-200,VG,"[{""r"":-8.09270722,""s"":0.47291817,""a"":0.88249652,""n"":1.00451769}]"
blmmatad,-500,FX,"[{""r"":-6.99612572,""s"":0.43044764,""n"":1.55288912,""m"":0.01432299,""h"":3.40542816}]"
blmmatad,-500,VG,"[{""r"":0.13916682,""s"":0.44029316,""a"":0.18442121,""n"":1.29042947}]"
blmplevn,-100,FX,"[{""r"":-0.39800014,""s"":0.40035696,""n"":1.90452945,""m"":0.20307996,""h"":4.24591936}]"
blmplevn,-100,VG,"[{""r"":0.0503147,""s"":0.41830141,""a"":0.12026691,""n"":1.41727351}]"
blmplevn,-200,FX,"[{""r"":-11.73473351,""s"":0.42411403,""n"":2.08593706,""m"":0.01064728,""h"":3.71141544}]"
blmplevn,-200,VG,"[{""r"":0.01883642,""s"":0.44774032,""a"":0.17893852,""n"":1.31095769}]"
blmplevn,-500,FX,"[{""r"":-0.23217617,""s"":0.40116116,""n"":1.52938475,""m"":0.33059611,""h"":5.99813475}]"
blmplevn,-500,VG,"[{""r"":0.02792049,""s"":0.4061063,""a"":0.06896391,""n"":1.40392242}]"
blmpumpk,-100,FX,"[{""r"":-0.12984527,""s"":0.40056907,""n"":4.53874741,""m"":0.31972137,""h"":4.23925773}]"
blmpumpk,-100,VG,"[{""r"":0.06664311,""s"":0.43975956,""a"":0.03684753,""n"":2.08771013}]"
blmpumpk,-200,FX,"[{""r"":0.03220523,""s"":0.39791042,""n"":3.58554561,""m"":1.44088151,""h"":3.67328602}]"
blmpumpk,-200,VG,"[{""r"":0.04805133,""s"":0.40381082,""a"":0.01069306,""n"":3.36767442}]"
blmpumpk,-500,FX,"[{""r"":-0.0819424,""s"":0.39170762,""n"":6.59410702,""m"":0.33898453,""h"":4.63686627}]"
blmpumpk,-500,VG,"[{""r"":0.09941355,""s"":0.41060558,""a"":0.00369628,""n"":3.14412799}]"
blmround,-100,FX,"[{""r"":-12.93648084,""s"":0.50262108,""n"":1.53812125,""m"":0.01054054,""h"":4.38505227}]"
blmround,-100,VG,"[{""r"":0.08522372,""s"":0.51404748,""a"":0.1491203,""n"":1.25269842}]"
blmround,-200,FX,"[{""r"":-9.86010151,""s"":0.55058241,""n"":0.8516584,""m"":0.02027556,""h"":1.80507713}]"
blmround,-200,VG,"[{""r"":-0.04549011,""s"":0.54153245,""a"":0.53389312,""n"":1.13608372}]"
blmround,-500,FX,"[{""r"":-15.78009727,""s"":0.47758752,""n"":1.57254175,""m"":0.00870402,""h"":6.62896953}]"
blmround,-500,VG,"[{""r"":0.06396197,""s"":0.49095528,""a"":0.09034267,""n"":1.25877994}]"
blmroyno,-100,FX,"[{""r"":-9.84420424,""s"":0.5096784,""n"":1.13784918,""m"":0.01718112,""h"":5.42611278}]"
blmroyno,-100,VG,"[{""r"":0.02566623,""s"":0.51067177,""a"":0.11528556,""n"":1.20742308}]"
blmroyno,-200,FX,"[{""r"":-21.92866555,""s"":0.48491997,""n"":1.18772685,""m"":0.0064054,""h"":10.06895991}]"
blmroyno,-200,VG,"[{""r"":-0.0097005,""s"":0.48839085,""a"":0.07761532,""n"":1.14588751}]"
blmroyno,-500,FX,"[{""r"":-17.68161167,""s"":0.47167003,""n"":1.32808769,""m"":0.00778856,""h"":8.2853596}]"
blmroyno,-500,VG,"[{""r"":-0.01660857,""s"":0.48274249,""a"":0.11608379,""n"":1.15501933}]"
blmterry,-100,FX,"[{""r"":-0.58353365,""s"":0.22383276,""n"":0.72456526,""m"":0.14301432,""h"":0.81370543}]"
blmterry,-100,VG,"[{""r"":0.02312248,""s"":0.17698224,""a"":0.04205844,""n"":1.45272929}]"
blmterry,-200,FX,"[{""r"":-1.5819071,""s"":0.20518052,""n"":1.15192509,""m"":0.041053,""h"":1.29962904}]"
blmterry,-200,VG,"[{""r"":0.00671287,""s"":0.2073843,""a"":0.72977205,""n"":1.2034531}]"
blmterry,-500,FX,"[{""r"":-6.82218433,""s"":0.48444984,""n"":0.97697053,""m"":0.02453805,""h"":3.58776604}]"
blmterry,-500,VG,"[{""r"":0.00736961,""s"":0.47987164,""a"":0.19993882,""n"":1.17856332}]"
blmwarre,-100,FX,"[{""r"":-0.06979757,""s"":0.37915213,""n"":2.48211913,""m"":0.45761448,""h"":6.09349004}]"
blmwarre,-100,VG,"[{""r"":0.05644138,""s"":0.39076675,""a"":0.02928324,""n"":1.7661203}]"
blmwarre,-200,FX,"[{""r"":-0.09089698,""s"":0.39585399,""n"":3.07064435,""m"":0.42905908,""h"":5.39858931}]"
blmwarre,-200,VG,"[{""r"":0.05974256,""s"":0.41362419,""a"":0.02467691,""n"":1.95520267}]"
blmwarre,-500,FX,"[{""r"":-0.0910912,""s"":0.32073191,""n"":5.76026805,""m"":0.31541236,""h"":6.12832381}]"
blmwarre,-500,VG,"[{""r"":0.07565316,""s"":0.33409417,""a"":0.00357961,""n"":2.70960091}]"
conradmt,-100,FX,"[{""r"":-10.94530547,""s"":0.49443923,""n"":1.55304292,""m"":0.01321101,""h"":3.11235778}]"
conradmt,-100,VG,"[{""r"":0.06060836,""s"":0.51152058,""a"":0.23411008,""n"":1.26548143}]"
conradmt,-200,FX,"[{""r"":-7.38045742,""s"":0.53152504,""n"":1.35567399,""m"":0.02279013,""h"":1.50500448}]"
conradmt,-200,VG,"[{""r"":0.03707578,""s"":0.55167938,""a"":0.65614099,""n"":1.24118414}]"
conradmt,-500,FX,"[{""r"":-9.2230383,""s"":0.48763482,""n"":1.0674149,""m"":0.01879074,""h"":2.84503631}]"
conradmt,-500,VG,"[{""r"":-0.01025579,""s"":0.48731232,""a"":0.26836207,""n"":1.18981072}]"
ftbentcb,-100,FX,"[{""r"":-3.00637371,""s"":0.46973699,""n"":1.27903556,""m"":0.04795686,""h"":2.18745753}]"
ftbentcb,-100,VG,"[{""r"":0.03766974,""s"":0.47865037,""a"":0.36526728,""n"":1.24276071}]"
ftbentcb,-200,FX,"[{""r"":-4.96544755,""s"":0.48250047,""n"":0.91076616,""m"":0.03363622,""h"":1.32720476}]"
ftbentcb,-200,VG,"[{""r"":-0.00350836,""s"":0.47433621,""a"":0.65161461,""n"":1.16347146}]"
ftbentcb,-500,FX,"[{""r"":-9.71784141,""s"":0.41495013,""n"":0.87786174,""m"":0.01585108,""h"":8.95614295}]"
ftbentcb,-500,VG,"[{""r"":-0.04454763,""s"":0.40965353,""a"":0.0871575,""n"":1.13839615}]"
lomawood,-100,FX,"[{""r"":-0.74880719,""s"":0.45012848,""n"":3.28683779,""m"":0.1147526,""h"":4.51136877}]"
lomawood,-100,VG,"[{""r"":0.10969909,""s"":0.47152719,""a"":0.04935698,""n"":1.70612405}]"
lomawood,-200,FX,"[{""r"":-10.32224341,""s"":0.38158541,""n"":1.958904,""m"":0.01057089,""h"":5.84532704}]"
lomawood,-200,VG,"[{""r"":0.04725446,""s"":0.39677348,""a"":0.07903045,""n"":1.3374271}]"
lomawood,-500,FX,"[{""r"":-5.09084846,""s"":0.37235402,""n"":1.69333989,""m"":0.02285535,""h"":3.33084483}]"
lomawood,-500,VG,"[{""r"":0.02951438,""s"":0.38646288,""a"":0.18321471,""n"":1.31460232}]"
mdabench,-100,FX,"[{""r"":-3.354203,""s"":0.58226817,""n"":0.26960232,""m"":0.11967512,""h"":2.03286684}]"
mdabench,-100,VG,"[{""r"":-6.74656359,""s"":0.47201358,""a"":0.23791486,""n"":1.00624536}]"
mdabench,-200,FX,"[{""r"":-0.66068384,""s"":1.00480304,""n"":0.15660733,""m"":0.48089454,""h"":1.04510995e-11}]"
mdabench,-200,VG,"[{""r"":-0.46222087,""s"":0.18192313,""a"":0.12273005,""n"":1.0302877}]"
mdabench,-500,FX,"[{""r"":-2.20642467,""s"":0.57725993,""n"":0.06920389,""m"":0.34877375,""h"":0.00019029}]"
mdabench,-500,VG,"[{""r"":-0.15149752,""s"":0.19669326,""a"":0.18213361,""n"":1.0710235}]"
mdacasca,-100,FX,"[{""r"":-12.63645567,""s"":0.36620816,""n"":2.52091851,""m"":0.00772216,""h"":3.4218624}]"
mdacasca,-100,VG,"[{""r"":0.02925311,""s"":0.40059884,""a"":0.266893,""n"":1.3144062}]"
mdacasca,-200,FX,"[{""r"":-10.51399983,""s"":0.37263189,""n"":1.13654967,""m"":0.01365387,""h"":8.28405984}]"
mdacasca,-200,VG,"[{""r"":-0.03704826,""s"":0.37354674,""a"":0.07073758,""n"":1.20279722}]"
mdacasca,-500,FX,"[{""r"":-12.57712421,""s"":0.36896487,""n"":0.99174847,""m"":0.01216711,""h"":8.54021355}]"
mdacasca,-500,VG,"[{""r"":-0.07821953,""s"":0.36720694,""a"":0.08394594,""n"":1.16166213}]"
mdachine,-100,FX,"[{""r"":-15.22668578,""s"":0.43774821,""n"":0.69201001,""m"":0.01171448,""h"":9.31247135}]"
mdachine,-100,VG,"[{""r"":-0.26341333,""s"":0.42775918,""a"":0.13120201,""n"":1.07048478}]"
mdachine,-200,FX,"[{""r"":-0.63562321,""s"":0.48775247,""n"":1.48017304,""m"":0.16694239,""h"":11.99593665}]"
mdachine,-200,VG,"[{""r"":0.08601265,""s"":0.49325515,""a"":0.02793903,""n"":1.34961516}]"
mdachine,-500,FX,"[{""r"":-10.61704352,""s"":0.52289875,""n"":1.3251983,""m"":0.01429444,""h"":5.46385499}]"
mdachine,-500,VG,"[{""r"":0.0732624,""s"":0.53105847,""a"":0.11828418,""n"":1.22931766}]"
mdachote,-100,FX,"[{""r"":-3.66394879,""s"":0.45722222,""n"":0.61309033,""m"":0.05073985,""h"":0.98979941}]"
mdachote,-100,VG,"[{""r"":-0.1166827,""s"":0.42430608,""a"":0.75422341,""n"":1.09740052}]"
mdachote,-200,FX,"[{""r"":-0.87306586,""s"":1.14295595,""n"":0.15433728,""m"":0.67172766,""h"":0.00030415}]"
mdachote,-200,VG,"[{""r"":-0.45878816,""s"":0.54304084,""a"":3.56291397,""n"":1.05166372}]"
mdachote,-500,FX,"[{""r"":0.03570482,""s"":0.27561636,""n"":1.72038389,""m"":0.38171526,""h"":1.65451832}]"
mdachote,-500,VG,"[{""r"":0.12509445,""s"":0.28860352,""a"":0.60757351,""n"":1.46091511}]"
mdadillo,-100,FX,"[{""r"":-27.5481334,""s"":0.57258031,""n"":2.39078844,""m"":0.00486794,""h"":3.90855865}]"
mdadillo,-100,VG,"[{""r"":0.12005735,""s"":0.61399576,""a"":0.20852559,""n"":1.31357247}]"
mdadillo,-200,FX,"[{""r"":-0.6703311,""s"":0.65903788,""n"":0.38755988,""m"":0.48091628,""h"":9.80732799}]"
mdadillo,-200,VG,"[{""r"":-4.30585309,""s"":0.60058115,""a"":0.58483576,""n"":1.01143791}]"
mdadillo,-500,FX,"[{""r"":0.08187514,""s"":0.48149246,""n"":-0.56003442,""m"":0.18912994,""h"":3.9103803e-10}]"
mdadillo,-500,VG,"[{""r"":0.35166369,""s"":0.52281361,""a"":0.04207254,""n"":1.29988297}]"
mdaedgar,-100,FX,"[{""r"":-5.68847257,""s"":0.56070081,""n"":0.99757869,""m"":0.03139788,""h"":0.56330343}]"
mdaedgar,-100,VG,"[{""r"":-0.0081432,""s"":0.62507813,""a"":6.17983522,""n"":1.14639607}]"
mdaedgar,-200,FX,"[{""r"":-6.42535851,""s"":0.36303151,""n"":1.94008851,""m"":0.0159446,""h"":4.91530661}]"
mdaedgar,-200,VG,"[{""r"":0.05429351,""s"":0.37453308,""a"":0.07749688,""n"":1.3792555}]"
mdaedgar,-500,FX,"[{""r"":-0.139665,""s"":0.40642874,""n"":1.90696698,""m"":0.40045181,""h"":4.36725348}]"
mdaedgar,-500,VG,"[{""r"":0.03856414,""s"":0.42024284,""a"":0.09197837,""n"":1.52093814}]"
mdafroid,-100,FX,"[{""r"":-2.35350666,""s"":0.76893571,""n"":0.04496795,""m"":0.48391348,""h"":4.61641497e-07}]"
mdafroid,-100,VG,"[{""r"":-0.0094263,""s"":0.16319537,""a"":0.01291495,""n"":1.28877869}]"
mdafroid,-200,FX,"[{""r"":-10.09638862,""s"":0.31665046,""n"":0.85222172,""m"":0.01361032,""h"":13.4902704}]"
mdafroid,-200,VG,"[{""r"":-0.10643474,""s"":0.3124101,""a"":0.06144262,""n"":1.12465216}]"
mdafroid,-500,FX,"[{""r"":-0.69367039,""s"":1.25876309,""n"":0.18923098,""m"":0.48298104,""h"":1.33438018e-13}]"
mdafroid,-500,VG,"[{""r"":-0.06252556,""s"":0.13623027,""a"":0.03058867,""n"":1.12773637}]"
mdaglidf,-100,FX,"[{""r"":-0.1721518,""s"":0.45213162,""n"":3.65513025,""m"":0.31719889,""h"":5.838663}]"
mdaglidf,-100,VG,"[{""r"":0.07515964,""s"":0.47583379,""a"":0.01793191,""n"":1.99535137}]"
mdaglidf,-200,FX,"[{""r"":0.43218989,""s"":0.10281459,""n"":-1.06817604,""m"":34.77425634,""h"":0.63899918}]"
mdaglidf,-200,VG,"[{""r"":0.09635593,""s"":0.45164544,""a"":0.05356627,""n"":1.87586318}]"
mdaglidf,-500,FX,"[{""r"":-0.33140145,""s"":0.39359886,""n"":3.65910767,""m"":0.19151656,""h"":5.26742985}]"
mdaglidf,-500,VG,"[{""r"":0.08167569,""s"":0.42031422,""a"":0.03500764,""n"":1.81582562}]"
mdahardi,-100,FX,"[{""r"":-0.63964643,""s"":0.38618547,""n"":1.41659366,""m"":0.16574872,""h"":7.84379765}]"
mdahardi,-100,VG,"[{""r"":0.02137947,""s"":0.38927056,""a"":0.04977275,""n"":1.33646079}]"
mdahardi,-200,FX,"[{""r"":-4.28894375,""s"":0.57842204,""n"":0.23147298,""m"":0.11387174,""h"":2.77439632}]"
mdahardi,-200,VG,"[{""r"":-6.05407933,""s"":0.4460953,""a"":0.22338429,""n"":1.00622153}]"
mdahardi,-500,FX,"[{""r"":-0.28875556,""s"":0.41061291,""n"":1.94697789,""m"":0.28229164,""h"":7.927223}]"
mdahardi,-500,VG,"[{""r"":0.02335447,""s"":0.42141657,""a"":0.03322989,""n"":1.49535475}]"
mdahogel,-100,FX,"[{""r"":-6.63966149,""s"":0.39826175,""n"":0.94773552,""m"":0.02166749,""h"":3.06102341}]"
mdahogel,-100,VG,"[{""r"":-0.02294498,""s"":0.39470024,""a"":0.26751559,""n"":1.16136688}]"
mdahogel,-200,FX,"[{""r"":-8.3824003,""s"":0.39528869,""n"":1.433266,""m"":0.01446094,""h"":6.15311174}]"
mdahogel,-200,VG,"[{""r"":0.04128135,""s"":0.40270682,""a"":0.09008924,""n"":1.25847149}]"
mdahogel,-500,FX,"[{""r"":-8.95056124,""s"":0.378314,""n"":1.02242264,""m"":0.01535268,""h"":4.02552799}]"
mdahogel,-500,VG,"[{""r"":-0.02135515,""s"":0.37768795,""a"":0.19493183,""n"":1.17237243}]"
mdaledge,-100,FX,"[{""r"":-10.68177107,""s"":0.36671125,""n"":0.78853662,""m"":0.01553319,""h"":7.44519085}]"
mdaledge,-100,VG,"[{""r"":-0.14380895,""s"":0.35907239,""a"":0.1266311,""n"":1.11389374}]"
mdaledge,-200,FX,"[{""r"":-11.44336408,""s"":0.39860304,""n"":0.74247559,""m"":0.01691448,""h"":11.40511996}]"
mdaledge,-200,VG,"[{""r"":-0.2943625,""s"":0.39065536,""a"":0.10341713,""n"":1.08462342}]"
mdaledge,-500,FX,"[{""r"":-0.16823914,""s"":0.64283061,""n"":0.67206011,""m"":1.04400516,""h"":54.41062719}]"
mdaledge,-500,VG,"[{""r"":-0.20293397,""s"":0.61167924,""a"":0.02867214,""n"":1.19760022}]"
mdamalta,-100,FX,"[{""r"":-5.87358505,""s"":0.66532089,""n"":0.3304296,""m"":0.07107952,""h"":5.28618576}]"
mdamalta,-100,VG,"[{""r"":-7.4627207,""s"":0.55847055,""a"":0.08868115,""n"":1.00685778}]"
mdamalta,-200,FX,"[{""r"":-31.03102478,""s"":0.61805321,""n"":1.04027659,""m"":0.00737782,""h"":10.14443926}]"
mdamalta,-200,VG,"[{""r"":-0.19295169,""s"":0.61989966,""a"":0.09788006,""n"":1.11815685}]"
mdamalta,-500,FX,"[{""r"":-29.49874057,""s"":0.48824019,""n"":1.3661881,""m"":0.00505071,""h"":11.25776787}]"
mdamalta,-500,VG,"[{""r"":-0.16101029,""s"":0.4973755,""a"":0.10493781,""n"":1.10827735}]"
mdamanha,-100,FX,"[{""r"":0.18411218,""s"":0.46236771,""n"":0.7692228,""m"":432.79386734,""h"":62012.26109547}]"
mdamanha,-100,VG,"[{""r"":0.16385839,""s"":0.44825723,""a"":0.01185017,""n"":1.51679447}]"
mdamanha,-200,FX,"[{""r"":-0.58436975,""s"":0.38762252,""n"":1.13737615,""m"":0.18956543,""h"":21.34723863}]"
mdamanha,-200,VG,"[{""r"":0.0426939,""s"":0.38199324,""a"":0.01058794,""n"":1.34893583}]"
mdamanha,-500,FX,"[{""r"":0.00105735,""s"":0.46171828,""n"":1.74829483,""m"":0.91541319,""h"":6.2396266}]"
mdamanha,-500,VG,"[{""r"":0.04992247,""s"":0.46525345,""a"":0.04163099,""n"":1.74246159}]"
mdamiles,-100,FX,"[{""r"":-21.57005164,""s"":0.42444542,""n"":1.40974637,""m"":0.00668293,""h"":9.73739499}]"
mdamiles,-100,VG,"[{""r"":0.00075006,""s"":0.4301036,""a"":0.05063617,""n"":1.24107412}]"
mdamiles,-200,FX,"[{""r"":-7.77370841,""s"":0.36041799,""n"":1.79503624,""m"":0.01464704,""h"":10.62780016}]"
mdamiles,-200,VG,"[{""r"":0.03139877,""s"":0.36868119,""a"":0.0288835,""n"":1.35631646}]"
mdamiles,-500,FX,"[{""r"":-1.86906649,""s"":1.50248222,""n"":0.83301597,""m"":0.21134954,""h"":0.01135216}]"
mdamiles,-500,VG,"[{""r"":-0.06251901,""s"":0.78894073,""a"":3.85311738,""n"":1.13462213}]"
mdaoilmo,-100,FX,"[{""r"":-10.94102554,""s"":0.46260716,""n"":2.38845877,""m"":0.01103527,""h"":2.09947758}]"
mdaoilmo,-100,VG,"[{""r"":0.05233847,""s"":0.53599891,""a"":0.79416066,""n"":1.30168072}]"
mdaoilmo,-200,FX,"[{""r"":-7.00534614,""s"":0.47783699,""n"":3.16180692,""m"":0.01699011,""h"":3.10532507}]"
mdaoilmo,-200,VG,"[{""r"":0.09220133,""s"":0.51400087,""a"":0.14459629,""n"":1.5259129}]"
mdaoilmo,-500,FX,"[{""r"":-5.53783597,""s"":0.47099814,""n"":2.99735438,""m"":0.02195806,""h"":3.80285658}]"
mdaoilmo,-500,VG,"[{""r"":0.11863797,""s"":0.49486027,""a"":0.0658158,""n"":1.66966516}]"
mdapower,-100,FX,"[{""r"":-10.42841284,""s"":0.44952609,""n"":1.66474049,""m"":0.01169423,""h"":2.66141601}]"
mdapower,-100,VG,"[{""r"":0.07026802,""s"":0.4710444,""a"":0.32795304,""n"":1.26499999}]"
mdapower,-200,FX,"[{""r"":-0.81149571,""s"":1.38272514,""n"":0.26025318,""m"":0.54958236,""h"":0.00007787}]"
mdapower,-200,VG,"[{""r"":-0.18639071,""s"":0.57578916,""a"":6.01335134,""n"":1.08834105}]"
mdapower,-500,FX,"[{""r"":-4.86740194,""s"":0.42701905,""n"":0.71007427,""m"":0.03779614,""h"":1.66297885}]"
mdapower,-500,VG,"[{""r"":-0.10147707,""s"":0.40388172,""a"":0.44768484,""n"":1.12453958}]"
mdascoby,-100,FX,"[{""r"":-5.59963308,""s"":0.49559636,""n"":0.70515134,""m"":0.03810808,""h"":3.01449213}]"
mdascoby,-100,VG,"[{""r"":-0.16607019,""s"":0.47622133,""a"":0.29894323,""n"":1.10840217}]"
mdascoby,-200,FX,"[{""r"":-8.60748031,""s"":0.42357977,""n"":0.75934799,""m"":0.02198871,""h"":7.58975843}]"
mdascoby,-200,VG,"[{""r"":-0.18801747,""s"":0.41344418,""a"":0.12929645,""n"":1.10390589}]"
mdascoby,-500,FX,"[{""r"":-12.78174531,""s"":0.37712653,""n"":1.40684758,""m"":0.01037756,""h"":11.22908739}]"
mdascoby,-500,VG,"[{""r"":0.01593085,""s"":0.37974191,""a"":0.03041831,""n"":1.29290315}]"
mdatost2,-100,FX,"[{""r"":-0.33637058,""s"":0.35115144,""n"":2.42391553,""m"":0.18295712,""h"":7.03819915}]"
mdatost2,-100,VG,"[{""r"":0.07225659,""s"":0.36257406,""a"":0.03180222,""n"":1.56831284}]"
mdatost2,-200,FX,"[{""r"":-0.10821878,""s"":0.35988274,""n"":2.60321799,""m"":0.3440526,""h"":4.84958484}]"
mdatost2,-200,VG,"[{""r"":0.07510854,""s"":0.37248641,""a"":0.04081588,""n"":1.76438882}]"
mdatost2,-500,FX,"[{""r"":-0.54111845,""s"":0.37297841,""n"":3.02429834,""m"":0.13577596,""h"":3.28034431}]"
mdatost2,-500,VG,"[{""r"":0.0511147,""s"":0.40451306,""a"":0.15200551,""n"":1.53275329}]"
mdatwinb,-100,FX,"[{""r"":-0.02663942,""s"":0.33610348,""n"":9.18592375,""m"":0.41545558,""h"":6.91446676}]"
mdatwinb,-100,VG,"[{""r"":0.06840196,""s"":0.57542963,""a"":0.01055454,""n"":2.84002895}]"
mdatwinb,-200,FX,"[{""r"":-0.03633088,""s"":0.36663526,""n"":3.38034516,""m"":0.49630961,""h"":5.02975574}]"
mdatwinb,-200,VG,"[{""r"":0.06331571,""s"":0.38282898,""a"":0.02122118,""n"":2.11177625}]"
mdatwinb,-500,FX,"[{""r"":-0.03208712,""s"":0.37951634,""n"":3.67324469,""m"":0.50345511,""h"":4.98728492}]"
mdatwinb,-500,VG,"[{""r"":0.07752239,""s"":0.39297791,""a"":0.01222244,""n"":2.37619111}]"
moltwest,-100,FX,"[{""r"":-0.04441544,""s"":0.34657481,""n"":3.53264619,""m"":0.40503219,""h"":4.41707913}]"
moltwest,-100,VG,"[{""r"":0.08594016,""s"":0.36289168,""a"":0.03156205,""n"":2.06734331}]"
moltwest,-200,FX,"[{""r"":0.23286507,""s"":0.28886316,""n"":-7.79741306,""m"":2.72398435,""h"":0.13639594}]"
moltwest,-200,VG,"[{""r"":0.08720397,""s"":0.45022109,""a"":0.0070415,""n"":2.49985863}]"
moltwest,-500,FX,"[{""r"":-4.90389321,""s"":0.46452816,""n"":4.22179208,""m"":0.02132066,""h"":4.41383255}]"
moltwest,-500,VG,"[{""r"":0.09123129,""s"":0.50257843,""a"":0.0732177,""n"":1.61746027}]"
namupper,-100,FX,"[{""r"":-0.20871158,""s"":0.54874124,""n"":1.21146033,""m"":0.47680573,""h"":7.15580615}]"
namupper,-100,VG,"[{""r"":0.00315448,""s"":0.54772373,""a"":0.08402003,""n"":1.32117436}]"
namupper,-200,FX,"[{""r"":-0.1324331,""s"":0.59423297,""n"":1.34475317,""m"":0.66722667,""h"":17.59851895}]"
namupper,-200,VG,"[{""r"":0.01057354,""s"":0.59264796,""a"":0.01543671,""n"":1.4725191}]"
namupper,-500,FX,"[{""r"":-0.06157081,""s"":0.41859305,""n"":1.90706773,""m"":0.600927,""h"":16.46596698}]"
namupper,-500,VG,"[{""r"":0.04212359,""s"":0.42366422,""a"":0.00776856,""n"":1.66186998}]"
raplejen,-100,FX,"[{""r"":-1.10622194,""s"":0.34416671,""n"":3.28253504,""m"":0.06912786,""h"":5.72242664}]"
raplejen,-100,VG,"[{""r"":0.06109338,""s"":0.36123883,""a"":0.04954716,""n"":1.56681211}]"
raplejen,-200,FX,"[{""r"":-0.18490409,""s"":0.41627601,""n"":3.11621835,""m"":0.27238049,""h"":4.23989833}]"
raplejen,-200,VG,"[{""r"":0.08616502,""s"":0.44294313,""a"":0.05935394,""n"":1.75380009}]"
raplejen,-500,FX,"[{""r"":-5.75770804,""s"":0.38557243,""n"":0.72455132,""m"":0.03119191,""h"":6.35272154}]"
raplejen,-500,VG,"[{""r"":-0.20048702,""s"":0.37301338,""a"":0.14991602,""n"":1.10048386}]"
reedpoin,-100,FX,"[{""r"":-0.63989779,""s"":0.43065289,""n"":1.76916699,""m"":0.15465926,""h"":3.0203995}]"
reedpoin,-100,VG,"[{""r"":0.05089661,""s"":0.45190996,""a"":0.22863377,""n"":1.36194114}]"
reedpoin,-200,FX,"[{""r"":-6.03575711,""s"":0.4236284,""n"":1.87223402,""m"":0.01951055,""h"":2.65742089}]"
reedpoin,-200,VG,"[{""r"":0.05782843,""s"":0.44932787,""a"":0.3060962,""n"":1.30925634}]"
reedpoin,-500,FX,"[{""r"":-7.9546024,""s"":0.36888896,""n"":1.70668248,""m"":0.01348468,""h"":3.25051677}]"
reedpoin,-500,VG,"[{""r"":0.04320248,""s"":0.38533794,""a"":0.22820862,""n"":1.28320158}]"
sidneymt,-100,FX,"[{""r"":-0.29160957,""s"":0.42367989,""n"":1.20477953,""m"":0.29625252,""h"":4.0614893}]"
sidneymt,-100,VG,"[{""r"":0.04293788,""s"":0.42280874,""a"":0.14673785,""n"":1.31295245}]"
sidneymt,-200,FX,"[{""r"":0.03724013,""s"":0.50486462,""n"":1.42803582,""m"":0.88874744,""h"":21.88201712}]"
sidneymt,-200,VG,"[{""r"":0.08840977,""s"":0.50391429,""a"":0.00965265,""n"":1.55340815}]"
sidneymt,-500,FX,"[{""r"":-6.65731019,""s"":0.38880387,""n"":0.81016911,""m"":0.02604363,""h"":8.70462524}]"
sidneymt,-500,VG,"[{""r"":-0.11785997,""s"":0.38083956,""a"":0.09157607,""n"":1.13308113}]"
turekran,-100,FX,"[{""r"":-0.99097917,""s"":2.00880472,""n"":0.56712646,""m"":0.42610266,""h"":0.000039}]"
turekran,-100,VG,"[{""r"":-0.14008686,""s"":0.75829071,""a"":154.47743839,""n"":1.09923757}]"
turekran,-200,FX,"[{""r"":-0.31396465,""s"":0.45653581,""n"":1.36660766,""m"":0.21213342,""h"":3.803184}]"
turekran,-200,VG,"[{""r"":0.12567771,""s"":0.46042126,""a"":0.14857111,""n"":1.32872572}]"
turekran,-500,FX,"[{""r"":-2.54355561,""s"":0.46984202,""n"":0.31132808,""m"":0.10081932,""h"":0.89912109}]"
turekran,-500,VG,"[{""r"":-1.08206683,""s"":0.40218412,""a"":0.86884921,""n"":1.02037776}]"
wrsround,-100,FX,"[{""r"":-4.98388108,""s"":0.15954237,""n"":1.95626313,""m"":0.01005323,""h"":4.63463691}]"
wrsround,-100,VG,"[{""r"":0.00191231,""s"":0.16800795,""a"":0.12020922,""n"":1.31977247}]"
wrsround,-200,FX,"[{""r"":-1.13461451,""s"":0.23577583,""n"":0.84018317,""m"":0.07977274,""h"":0.52083876}]"
wrsround,-200,VG,"[{""r"":-0.02634616,""s"":0.21284273,""a"":0.94677729,""n"":1.17766895}]"
wrsround,-500,FX,"[{""r"":-0.76715823,""s"":0.91423012,""n"":0.1245747,""m"":0.51215114,""h"":2.06831464e-11}]"
wrsround,-500,VG,"[{""r"":-0.05392029,""s"":0.15328443,""a"":0.13084052,""n"":1.13323896}]"
wsrabsaw,-100,FX,"[{""r"":-0.70252042,""s"":0.24640681,""n"":0.56772641,""m"":0.14498651,""h"":0.30243022}]"
wsrabsaw,-100,VG,"[{""r"":-0.00543319,""s"":0.19158648,""a"":0.33827739,""n"":1.19857489}]"
wsrabsaw,-200,FX,"[{""r"":-0.25317594,""s"":0.30742266,""n"":0.32860688,""m"":0.50683289,""h"":0.09310056}]"
wsrabsaw,-200,VG,"[{""r"":-0.04306569,""s"":0.19471386,""a"":0.47151287,""n"":1.13763898}]"
wsrabsaw,-500,FX,"[{""r"":-6.54508823,""s"":0.63593032,""n"":0.07065007,""m"":0.16927782,""h"":0.00142392}]"
wsrabsaw,-500,VG,"[{""r"":-10.38554986,""s"":0.17320015,""a"":0.09456038,""n"":1.00309385}]"
wsrboydw,-100,FX,"[{""r"":-0.17115271,""s"":0.38441529,""n"":0.24654804,""m"":0.7763872,""h"":0.01291425}]"
wsrboydw,-100,VG,"[{""r"":-0.02073267,""s"":0.19800702,""a"":0.51015624,""n"":1.14517089}]"
wsrboydw,-200,FX,"[{""r"":-1.24056329,""s"":0.4478335,""n"":0.75705421,""m"":0.12464958,""h"":0.8816664}]"
wsrboydw,-200,VG,"[{""r"":-0.03620162,""s"":0.42687325,""a"":0.98820277,""n"":1.14950388}]"
wsrboydw,-500,FX,"[{""r"":-0.18824993,""s"":0.37487456,""n"":0.24459616,""m"":0.73854726,""h"":0.01466292}]"
wsrboydw,-500,VG,"[{""r"":-0.00129621,""s"":0.18392317,""a"":0.14122914,""n"":1.20986843}]"
wsrbroad,-100,FX,"[{""r"":-7.78485311,""s"":0.43600912,""n"":1.03554732,""m"":0.02240166,""h"":2.63869701}]"
wsrbroad,-100,VG,"[{""r"":-0.06248394,""s"":0.43325632,""a"":0.28354029,""n"":1.18632934}]"
wsrbroad,-200,FX,"[{""r"":-0.02256868,""s"":0.50473353,""n"":0.30108991,""m"":4.98119737,""h"":1500.70419672}]"
wsrbroad,-200,VG,"[{""r"":-3.66268052,""s"":0.47423075,""a"":3.16676123,""n"":1.00989527}]"
wsrbroad,-500,FX,"[{""r"":-0.50909231,""s"":0.16794629,""n"":2.1515824,""m"":0.07717454,""h"":3.11632073}]"
wsrbroad,-500,VG,"[{""r"":0.03422836,""s"":0.17732235,""a"":0.18290921,""n"":1.42196808}]"
wsrmelvi,-100,FX,"[{""r"":-3.51917094,""s"":0.18688837,""n"":1.59739727,""m"":0.01606591,""h"":2.39792063}]"
wsrmelvi,-100,VG,"[{""r"":0.01239799,""s"":0.19561058,""a"":0.36507979,""n"":1.25900854}]"
wsrmelvi,-200,FX,"[{""r"":-0.56005209,""s"":0.59093332,""n"":0.13136626,""m"":0.56371221,""h"":1.04140115e-06}]"
wsrmelvi,-200,VG,"[{""r"":-0.11918556,""s"":0.19266977,""a"":1.01643013,""n"":1.07113702}]"
wsrmelvi,-500,FX,"[{""r"":-0.48260146,""s"":1.03241055,""n"":0.30349309,""m"":0.49372983,""h"":1.0968794e-09}]"
wsrmelvi,-500,VG,"[{""r"":-0.04063923,""s"":0.13228927,""a"":0.57740553,""n"":1.10768054}]"
